Company, JobName, Location, JobType, ApplyAddress
globo,Agile Team Coach,Rio de Janeiro - RJ e Remoto,Banco de talentos,https://globo.gupy.io//jobs/1466752?jobBoardSource=gupy_public_page
globo,Analista de Banco de Dados | DBDevOps ,Rio de Janeiro - RJ e Remoto,Efetivo,https://globo.gupy.io//jobs/5133887?jobBoardSource=gupy_public_page
globo,Analista de Business Intelligence SÃªnior | OperaÃ§Ãµes Comerciais,SÃ£o Paulo - SP e HÃ­brido,Efetivo,https://globo.gupy.io//jobs/5286189?jobBoardSource=gupy_public_page
globo,Analista de Dados Pleno | InteligÃªncia de Mercado - Dados & ServiÃ§os,SÃ£o Paulo - SP,Efetivo,https://globo.gupy.io//jobs/5221563?jobBoardSource=gupy_public_page
globo,Analista de GestÃ£o e NegÃ³cios Pleno | Canais de Esportes - Mais pessoas negras na Globo! âœŠğŸ¾,Rio de Janeiro - RJ,Efetivo,https://globo.gupy.io//jobs/5113134?jobBoardSource=gupy_public_page
globo,Analista De GestÃ£o ImobiliÃ¡ria e Ambiental Pleno | GestÃ£o ImobiliÃ¡ria e Ambiental ,Rio de Janeiro - RJ,Efetivo,https://globo.gupy.io//jobs/5099407?jobBoardSource=gupy_public_page
globo,Analista de InteligÃªncia de Mercado Pleno | Bens de Consumo,SÃ£o Paulo - SP e HÃ­brido,Efetivo,https://globo.gupy.io//jobs/5304043?jobBoardSource=gupy_public_page
globo,Analista de Projetos de Efeitos Especiais JÃºnior | Tecnologia para ConteÃºdos,Rio de Janeiro - RJ,Efetivo,https://globo.gupy.io//jobs/5259650?jobBoardSource=gupy_public_page
globo,Analista de SeguranÃ§a da InformaÃ§Ã£o SÃªnior | SOC,Rio de Janeiro - RJ e HÃ­brido,Efetivo,https://globo.gupy.io//jobs/4560372?jobBoardSource=gupy_public_page
globo,Analista de SoluÃ§Ãµes de MÃ­dias JÃºnior | Cloud & AutomaÃ§Ã£o (RJ) - Mais diversidade na Globo! âœŠğŸ¾ğŸ‘©ğŸ¦¾,Rio de Janeiro - RJ e HÃ­brido,Efetivo,https://globo.gupy.io//jobs/5307530?jobBoardSource=gupy_public_page
globo,Analista de SoluÃ§Ãµes de MÃ­dias JÃºnior | ProgramaÃ§Ã£o e ExibiÃ§Ã£o - Mais diversidade na Globo! âœŠğŸ¾ğŸ‘©ğŸ¦¾ ,Rio de Janeiro - RJ e HÃ­brido,Efetivo,https://globo.gupy.io//jobs/5339240?jobBoardSource=gupy_public_page
globo,Assistente Administrativo | AquisiÃ§Ã£o e GovernanÃ§a de Direitos - Mais pessoas com deficiÃªncia na Globo!ğŸ¦¾,Rio de Janeiro - RJ,Efetivo,https://globo.gupy.io//jobs/5114215?jobBoardSource=gupy_public_page
globo,Assistente de OperaÃ§Ãµes Audiovisuais I | Plataforma de ProduÃ§Ã£o de ConteÃºdo - Mais pessoas com deficiÃªncia na Globo!ğŸ¦¾,SÃ£o Paulo - SP,Efetivo,https://globo.gupy.io//jobs/5307491?jobBoardSource=gupy_public_page
globo,Banco de Talentos | Mais mulheres na Globo! ğŸ‘© ,SÃ£o Paulo - SP,Banco de talentos,https://globo.gupy.io//jobs/3705891?jobBoardSource=gupy_public_page
globo,Banco de Talentos | Mais pessoas com deficiÃªncia na Globo! ğŸ¦¾,Rio de Janeiro - RJ e Remoto,Banco de talentos,https://globo.gupy.io//jobs/1509545?jobBoardSource=gupy_public_page
globo,Banco de Talentos | Mais pessoas negras na Globo! âœŠğŸ¾,Rio de Janeiro - RJ e Remoto,Banco de talentos,https://globo.gupy.io//jobs/1509595?jobBoardSource=gupy_public_page
globo,Cientista de Dados | Big Data & AI,Rio de Janeiro - RJ e Remoto,Banco de talentos,https://globo.gupy.io//jobs/1452395?jobBoardSource=gupy_public_page
globo,Cientista de Dados JÃºnior | SoluÃ§Ãµes para o Consumidor e InteligÃªncia,Rio de Janeiro - RJ e HÃ­brido,Efetivo,https://globo.gupy.io//jobs/5306410?jobBoardSource=gupy_public_page
globo, Coordenadora Adtech |  Advertising - Mais mulheres na Globo! ğŸ‘©,Rio de Janeiro - RJ e HÃ­brido,Efetivo,https://globo.gupy.io//jobs/5195051?jobBoardSource=gupy_public_page
globo,Desenvolvedora Back-end SÃªnior | Jornada de Vendas - Mais mulheres na Globo! ğŸ‘©,Rio de Janeiro - RJ e HÃ­brido,Efetivo,https://globo.gupy.io//jobs/5271408?jobBoardSource=gupy_public_page
globo,Desenvolvedora Full Stack Pleno | SoluÃ§Ãµes RH e ArtÃ­stico - Mais mulheres na Globo! ğŸ‘©,Rio de Janeiro - RJ e Remoto,Efetivo,https://globo.gupy.io//jobs/4967629?jobBoardSource=gupy_public_page
globo,Desenvolvedora SÃªnior | Plataformas Digitais - Mais mulheres na tecnologia!ğŸ‘©ğŸ’»,Rio de Janeiro - RJ e Remoto,Efetivo,https://globo.gupy.io//jobs/4083766?jobBoardSource=gupy_public_page
globo,Especialista de Planejamento |  Planejamento e NegÃ³cios - Mais mulheres na Globo! ğŸ‘©,SÃ£o Paulo - SP,Efetivo,https://globo.gupy.io//jobs/5303872?jobBoardSource=gupy_public_page
globo,Montadora de OperaÃ§Ãµes CenogrÃ¡ficas | EstÃºdios Globo - Mais mulheres na Globo ğŸ‘©,Rio de Janeiro - RJ,Banco de talentos,https://globo.gupy.io//jobs/4485416?jobBoardSource=gupy_public_page
globo,Pessoa Analista de NegÃ³cios - SegmentaÃ§Ã£o de audiÃªncias em First-Party Data - NIP | Mais pessoas negras na Globo! âœŠğŸ¾ ,SÃ£o Paulo - SP e HÃ­brido,Efetivo,https://globo.gupy.io//jobs/5238761?jobBoardSource=gupy_public_page
globo,"Pessoa Desenvolvedora Android (G1, Globo.com, Gshow, Globoplay, GE, Cartola)",Rio de Janeiro - RJ e Remoto,Banco de talentos,https://globo.gupy.io//jobs/1463404?jobBoardSource=gupy_public_page
globo,"Pessoa Desenvolvedora Back-end (G1, Globo.com, Gshow, Globoplay, GE, Cartola)",Rio de Janeiro - RJ e Remoto,Banco de talentos,https://globo.gupy.io//jobs/1459709?jobBoardSource=gupy_public_page
globo,"Pessoa Desenvolvedora Front-end (G1, Globo.com, Gshow, Globoplay, GE, Cartola)",Rio de Janeiro - RJ e Remoto,Banco de talentos,https://globo.gupy.io//jobs/1459517?jobBoardSource=gupy_public_page
globo,"Pessoa Desenvolvedora Full Stack (G1, Globo.com, Gshow, Globoplay, GE, Cartola)",Rio de Janeiro - RJ e Remoto,Banco de talentos,https://globo.gupy.io//jobs/1452367?jobBoardSource=gupy_public_page
globo,Pessoa Desenvolvedora Full Stack JÃºnior - Home da Globo.com | Mais pessoas com deficiÃªncia na tecnologia! ğŸ¦¾ğŸ’»,Rio de Janeiro - RJ e HÃ­brido,Efetivo,https://globo.gupy.io//jobs/5333790?jobBoardSource=gupy_public_page
globo,Pessoa Desenvolvedora Full Stack Pleno | Adtech - Mais pessoas negras na Globo! âœŠğŸ¾,Rio de Janeiro - RJ e Remoto,Efetivo,https://globo.gupy.io//jobs/5039590?jobBoardSource=gupy_public_page
globo,Pessoa Desenvolvedora Full Stack Pleno â€“ Data & AI | Mais pessoas com deficiÃªncia na tecnologia! ğŸ¦¾ğŸ’»,Rio de Janeiro - RJ e Remoto,Efetivo,https://globo.gupy.io//jobs/5315550?jobBoardSource=gupy_public_page
globo,Pessoa Desenvolvedora Full Stack Pleno | GloboID - Mais pessoas com deficiÃªncia na tecnologia! ğŸ¦¾ğŸ’»,Rio de Janeiro - RJ e Remoto,Efetivo,https://globo.gupy.io//jobs/5130141?jobBoardSource=gupy_public_page
globo,Pessoa Desenvolvedora Full Stack Pleno â€“ Plataforma de VÃ­deo e Ãudio | Mais pessoas com deficiÃªncia na tecnologia! ğŸ¦¾ğŸ’» ,Rio de Janeiro - RJ e Remoto,Efetivo,https://globo.gupy.io//jobs/5322108?jobBoardSource=gupy_public_page
globo,"Pessoa Desenvolvedora iOS (G1, Globo.com, Gshow, Globoplay, GE, Cartola)",Rio de Janeiro - RJ e Remoto,Banco de talentos,https://globo.gupy.io//jobs/1460144?jobBoardSource=gupy_public_page
globo,Pessoa Engenheira de Dados | Big Data & AI,Rio de Janeiro - RJ e Remoto,Banco de talentos,https://globo.gupy.io//jobs/4797786?jobBoardSource=gupy_public_page
globo,Pessoa Engenheira de dados SÃªnior - Data & AI | Mais pessoas com deficiÃªncia na tecnologia! ğŸ¦¾ğŸ’» ,Rio de Janeiro - RJ e Remoto,Efetivo,https://globo.gupy.io//jobs/5314220?jobBoardSource=gupy_public_page
globo,Pessoa Engenheira de Machine Learning | Big Data & AI,Rio de Janeiro - RJ e Remoto,Banco de talentos,https://globo.gupy.io//jobs/1452251?jobBoardSource=gupy_public_page
globo,Pessoa Engenheira de Software | Big Data & AI,Rio de Janeiro - RJ e Remoto,Banco de talentos,https://globo.gupy.io//jobs/1452305?jobBoardSource=gupy_public_page
globo,Pessoa Produtora de Tecnologia Audiovisual | Tecnologia para ConteÃºdo - Mais pessoas com deficiÃªncia na Globo! ğŸ¦¾,SÃ£o Paulo - SP,TemporÃ¡rio,https://globo.gupy.io//jobs/5179397?jobBoardSource=gupy_public_page
globo,Product Owner Pleno | Projetos de Plataformas e Adtech,Rio de Janeiro - RJ e HÃ­brido,Efetivo,https://globo.gupy.io//jobs/5274625?jobBoardSource=gupy_public_page
globo,Product Owner SÃªnior - Account Manager | Globo Technologies,Rio de Janeiro - RJ e HÃ­brido,Efetivo,https://globo.gupy.io//jobs/5240700?jobBoardSource=gupy_public_page
globo,Product Owner SÃªnior | Advertising,Rio de Janeiro - RJ e HÃ­brido,Efetivo,https://globo.gupy.io//jobs/5356332?jobBoardSource=gupy_public_page
globo,Supervisora de OperaÃ§Ãµes CenogrÃ¡ficas | EstÃºdios Globo - Mais mulheres na Globo ğŸ‘©,Rio de Janeiro - RJ,Banco de talentos,https://globo.gupy.io//jobs/4485693?jobBoardSource=gupy_public_page
